{
  "repos": {
    "Aardvark": ["iOS"],
    "Ackbar": ["iOS"],
    "android-times-square": ["Android"],
    "anvil": ["Android", "Kotlin"],
    "assertj-android": ["Android"],
    "beancounter": ["Go"],
    "border_patrol": ["Ruby"],
    "cane": ["Ruby"],
    "certigo": ["Go"],
    "certstrap": ["Go"],
    "Cleanse": ["iOS"],
    "crossfilter": ["JavaScript"],
    "cube": ["JavaScript"],
    "cubism": ["JavaScript"],
    "ETL": ["Ruby"],
    "fdoc": ["Ruby"],
    "field-kit": ["JavaScript"],
    "ghostunnel": ["Go"],
    "go-jose": ["Go"],
    "gssh": ["Go"],
    "JavaPoet": ["Java"],
    "jetpack": ["Ruby"],
    "jirafy": ["Other"],
    "js-jose": ["JavaScript"],
    "Keywhiz": ["Java"],
    "KotlinPoet": ["Kotlin"],
    "leakcanary": ["Android", "Kotlin"],
    "LGTM": ["JavaScript"],
    "metrics": ["Go"],
    "moshi": ["Android", "Java"],
    "okhttp": ["Android", "Java", "Kotlin"],
    "okio": ["Android", "Java", "Kotlin"],
    "p2": ["Other"],
    "picasso": ["Android"],
    "pollexor": ["Android", "Java"],
    "PonyDebugger": ["iOS"],
    "rack-servlet": ["Java"],
    "rails-auth": ["Ruby"],
    "retrofit": ["Android", "Java", "Kotlin"],
    "seismic": ["Android"],
    "shift": ["Other"],
    "shuttle": ["Other"],
    "spacecommander": ["iOS"],
    "spoon": ["Android"],
    "sqldelight": ["Android", "iOS", "Kotlin"],
    "squalor": ["Go"],
    "subzero": ["C", "Java", "Go"],
    "SuperDelegate": ["iOS"],
    "tape": ["Android"],
    "toggle": null,
    "Valet": ["iOS"],
    "wire": ["Android", "Java", "Kotlin"],
    "workflow": ["Android", "iOS", "Kotlin"]
  },
  "custom": [
    {
      "name": "es6-module-transpiler",
      "homepage": "http://esnext.github.io/es6-module-transpiler/",
      "html_url": "https://github.com/esnext/es6-module-transpiler",
      "description": "Tomorrow’s JavaScript module syntax today",
      "categories": ["JavaScript"]
    }
  ]
}
